nama_ortu,nik,nis_siswa
Ahmad Prabowo,33954903837468,19038
Gita Firmansyah,33841308586288,65057
Gilang Kurnia,33613306757258,57472
Juwita Suryadi,33449910668784,67080
Ivan Jaelani,33561602501557,95256
Galuh Mahendra,33385106380345,80539
Lestari Hartanto,33727409969856,87656
Taufik Jaelani,33784708751114,42177
Galuh Qodir,33682102509660,69087
Gilang Rahayu,33769001407410,84691
Yuni Gunardi,33267006540538,74789
Galuh Pratama,33123909775987,37802
Wulan Nurdiana,33517210798199,54608
Lestari Hidayat,33162806398196,46211
Kartika Firmansyah,33266605487629,21221
Lukman Suharto,33107909447372,74038
Eka Nurdiana,33826606822622,94659
Irfan Nurdiana,33453501187649,12260
Maya Rahayu,33725010734470,63005
Kurniawan Permana,33544908688285,86225
Chandra Utama,33211007769836,79588
Tika Hartanto,33822704295041,82140
Fira Oktavia,33488405618101,69473
Indah Prabowo,33188612479332,40217
Indah Wibowo,33841703435209,51359
Eka Permana,33301605478707,34267
Juwita Hidayat,33779102638828,73464
Eko Gunardi,33845503113524,88222
Irfan Oktavia,33348110823153,35443
Eko Oktavia,33261208465124,33519
Vina Mulyono,33533212419484,80010
Fajar Pahlevi,33982812337580,17146
Rina Mahendra,33651504213054,74340
Hadi Rahayu,33339506130680,85243
Agus Rahayu,33463109104539,67733
Gunawan Oktavia,33555807324682,43092
Agus Hidayat,33811502444053,74454
Nina Hidayat,33643402981913,99974
Fitri Pratama,33563506309991,42530
Lestari Prabowo,33958707608069,64548
Dewi Nugroho,33727304758894,59856
Ahmad Kusuma,33161808811047,48974
Wahyu Jaelani,33512905752179,91399
Sandi Mahendra,33736904407823,23006
Kartika Nurdiana,33797901901075,44687
Oki Qodir,33255908429839,32782
Juwita Kurnia,33597202696487,63545
Utami Prabowo,33708103631297,71592
Rahmat Firmansyah,33588811469899,47762
Kartika Wijaya,33138501234425,69510
Kartika Utama,33226406474725,44675
Utami Pratama,33981805220031,81376
Sari Nurdiana,33955303744693,44816
Galuh Prabowo,33911909324479,31747
Maya Nurdiana,33388912196424,84607
Muhamad Nurdiana,33199305629152,71433
Zahra Mulyono,33338308323297,45683
Indah Ramadan,33917810994199,88385
Galuh Permana,33692804257782,13390
Gita Suryadi,33625002764721,85392
Dimas Oktavia,33496908687019,45325
Hilda Wijaya,33353005243057,32962
Dimas Nugroho,33948003775591,67963
Budi Pahlevi,33205010412453,74451
Hadi Permana,33959402516174,63523
Umar Laksono,33742509796482,23710
Citra Setiawan,33862506445281,74942
Dian Laksono,33406404251286,82102
Gilang Firmansyah,33177209492906,51224
Dimas Ramadan,33285608850435,62976
Ayu Jaelani,33169811351318,64165
Ani Ramadan,33604205194634,57419
Kurniawan Rahayu,33306611432591,16764
Bella Prabowo,33706206852233,27172
Hilda Ramadan,33223012373646,73532
Nanda Rahayu,33904906703779,89806
Agus Mahendra,33932610819064,50730
Utami Oktavia,33514604188498,22217
Hani Ramadan,33216904374499,24871
Fajar Pratama,33573110223050,30181
Nanda Suharto,33653610326037,48254
Fitri Suryadi,33281305374516,73242
Wahyu Hartanto,33415710817506,60277
Citra Santoso,33702706826687,76616
Indah Pratama,33228101154644,46208
Yuni Nurdiana,33861501365978,45018
Juwita Utama,33955703686741,49132
Umar Wibowo,33433109616780,68529
Hilda Hartanto,33262106844756,82340
Ayu Permana,33654605742705,52176
Fitri Saputra,33722909994470,84946
Bunga Prabowo,33433012589824,63841
Dewi Qodir,33731508473838,71993
Dewi Pahlevi,33282506198123,95461
Joko Firmansyah,33948404711893,26547
Fajri Saputra,33291302582589,67711
Bunga Nurdiana,33924606936917,63736
Hendra Wibowo,33596105778604,44737
Kurniawan Qodir,33978703476485,62098
Fajri Permana,33753508567080,98389
Dian Permana,33883307761322,73956
Citra Wijaya,33755308809298,40771
Kurniawan Suharto,33269705982416,21846
Kurniawan Firmansyah,33168002147285,93066
Muhamad Nugroho,33842009117058,49251
Budi Pratama,33634806715732,17355
Rina Hidayat,33898806824211,66450
Gita Santoso,33367111252205,64008
Purnomo Suharto,33706401222115,20350
Hadi Suharto,33996608594392,41566
Hendra Hidayat,33826001450067,28758
Bambang Hakim,33967204848987,43289
Rahmat Hakim,33925408831396,11231
Eka Qodir,33475907973548,98815
Zahra Laksono,33219508235367,55293
Muhamad Qodir,33435511266309,42780
Hadi Mulyono,33141806551538,36111
Irfan Prabowo,33435306906747,23979
Rahmat Laksono,33222911481405,57049
Hani Oktavia,33705305629554,12875
Muhamad Ismail,33954103889794,84177
Intan Ismail,33298301762288,47512
Sari Gunardi,33463702636526,56179
Utami Kurnia,33909509985517,96400
Agus Utama,33764102443772,94717
Fajri Suryadi,33202101545526,67779
Gunawan Suharto,33742608845695,27224
Dewi Hakim,33622402487538,52823
Ani Nurdiana,33282810542244,27322
Dedi Pahlevi,33156308700896,45720
Utami Hartanto,33535808974994,73156
Gilang Laksono,33512110796781,54396
Tika Pratama,33348909704876,39571
Hendra Mahendra,33707401226126,83048
Gilang Ramadan,33125307289276,61717
Dewi Gunardi,33314603291542,58311
Bella Pratama,33294907811572,93695
Lukman Wibowo,33131705508881,40647
Hadi Kusuma,33163504888669,83584
Ahmad Suryadi,33913901382234,39015
Ahmad Oktavia,33698905784781,70852
Rahmat Nugroho,33864211498619,15943
Juwita Wijaya,33307810173332,25220
Zahra Kusuma,33278105552945,80457
Hadi Jaelani,33539105889256,58629
Kartika Rahayu,33688606116645,30253
Zainul Wibowo,33628112837463,74139
Wulan Ismail,33197801972503,58566
Vina Permana,33593212108840,40947
Muhamad Rahayu,33218811417905,94518
Hendra Santoso,33359107216335,46160
Utami Mulyono,33733109303182,69600
Dedi Firmansyah,33261803372235,94109
Lukman Santoso,33603406185782,53713
Joko Setiawan,33237004457356,84000
Sandi Nurdiana,33401910749662,82641
Bella Kusuma,33906710230889,40539
Yudi Suryadi,33182311158500,88116
Wahyu Kusuma,33539311920960,28964
Lukman Firmansyah,33342302112885,32871
Fajri Rahayu,33832611633618,11947
Bella Permana,33498409913166,41186
Agus Saputra,33848206746030,44782
Maya Wibowo,33105601177312,24896
Ani Gunardi,33242805561801,57453
Dimas Qodir,33245304419891,39038
Kartika Setiawan,33169005232601,96363
Yuni Hakim,33183109506968,14082
Dian Firmansyah,33931404330189,62640
Irfan Firmansyah,33156909751297,68138
Nina Hartanto,33696507485364,52219
Fitri Hartanto,33394311179574,46046
Juwita Oktavia,33747509774920,79541
Eko Kusuma,33195601672549,89354
Joko Santoso,33484606921169,24996
Utami Mahendra,33931108785864,39949
Taufik Santoso,33572710234580,69441
Citra Hartanto,33175709111583,65936
Fajri Kurnia,33957003733035,59060
Nina Setiawan,33328912553065,72163
Zahra Wijaya,33403005758592,66606
Hilda Rahayu,33736209227119,58843
Ayu Utama,33346001111258,86869
Tika Jaelani,33416603593656,97207
Fira Wibowo,33311210205397,16743
Agus Jaelani,33235912423301,56090
Nina Santoso,33115304812989,37884
Hendra Kusuma,33555103115722,24184
Bella Hakim,33732312662227,58176
Yudi Kurnia,33599612239388,85248
Rina Pratama,33521210713455,83526
Dewi Hidayat,33406404749871,96223
Umar Hartanto,33913505919240,50499
Sari Hakim,33652908120773,33777
Nina Pahlevi,33204810663292,62531
Sandi Kurnia,33729112486065,22026
Muhamad Oktavia,33284412319703,69460
Fira Prabowo,33102202911329,50846
Galuh Nugroho,33626611754753,88148
Zainul Utama,33588801473323,30392
Gita Wijaya,33519608344903,16522
Intan Prabowo,33949902869946,96761
Juwita Hakim,33342809699672,67939
Purnomo Kusuma,33719409352603,77154
Agus Pratama,33236512130641,98895
Fajar Ramadan,33789112615856,50425
Dimas Kurnia,33523810903562,88554
Yudi Saputra,33585811773292,49507
Intan Rahayu,33248306233606,43491
Maya Wijaya,33522912320843,66446
Lukman Mahendra,33841612418844,79806
Eka Utama,33649603159067,97562
Dedi Mahendra,33699307388584,15544
Rina Ismail,33957504124145,20205
Kartika Pratama,33783307952353,85156
Taufik Mulyono,33369802794804,64747
Taufik Rahayu,33855505234733,12733
Indah Kusuma,33782411675006,57428
Ani Kusuma,33583807210103,23875
Gunawan Permana,33967809723501,62487
Ani Jaelani,33752911232506,50668
Oki Kurnia,33683308471197,32037
Indah Suryadi,33763905766511,24945
Fajri Suharto,33755501543256,55793
Gita Mahendra,33254705606592,94599
Juwita Permana,33643309950965,29194
Kartika Qodir,33143011308658,88957
Yuni Kurnia,33265107626236,33218
Ayu Mulyono,33334105903972,83889
Fajar Suryadi,33128804195352,83989
Ahmad Jaelani,33802606478083,51436
Hani Ismail,33453610502704,46002
Chandra Rahayu,33782901234041,19724
Hadi Qodir,33815406570267,58331
Dedi Wibowo,33667507689822,21835
Juwita Pahlevi,33384712381558,82655
Fajri Santoso,33553812393276,84928
Bambang Kurnia,33589305756649,72341
Hadi Wibowo,33609710296972,23566
Wahyu Santoso,33112309871889,76132
Ani Oktavia,33152309411152,67377
Gunawan Kusuma,33382305474664,57696
Sandi Saputra,33863311545901,60779
Zainul Hidayat,33894606208970,98984
Rina Oktavia,33182410548217,94843
Nina Prabowo,33986210932046,22387
Nina Mulyono,33839812329988,29709
Gilang Pahlevi,33274708251141,96980
Bunga Qodir,33921410887619,50662
Hendra Utama,33891704511346,21104
Wahyu Mahendra,33521304395915,94343
Sandi Mulyono,33879309905973,97833
Eka Hartanto,33567510428881,65496
Yuni Wijaya,33899201877039,50483
Taufik Qodir,33692302289030,73736
Nanda Saputra,33185006733727,30308
Indah Utama,33204812573349,23256
Yuni Qodir,33433301196931,88282
Fira Pahlevi,33269108769952,33703
Umar Santoso,33575601416611,15726
Sari Oktavia,33259908780433,41133
Maya Hidayat,33949811558745,68841
Intan Oktavia,33926001492842,35430
Ahmad Qodir,33631401127521,67749
Lukman Saputra,33318307353578,60052
Sari Wibowo,33653902844515,36174
Nanda Santoso,33266811762177,72991
Galuh Gunardi,33415805791281,23446
Ivan Suharto,33901211707497,45755
Gilang Permana,33366002614889,29313
Ivan Hartanto,33303305110632,39102
Hendra Hakim,33137801643157,13495
Muhamad Kusuma,33371306245295,40903
Agus Santoso,33523708695034,39430
Hilda Setiawan,33811807397391,22987
Ahmad Ramadan,33694603982526,28035
Ani Pratama,33702207858386,71925
Zahra Hartanto,33739202984028,71487
Ayu Qodir,33577801821673,20384
Fajar Setiawan,33565908750618,29597
Taufik Pratama,33556504257936,49472
Nina Rahayu,33473407285225,91633
Nina Kusuma,33971611361036,75513
Wahyu Permana,33708401612027,85372
Gunawan Hidayat,33724602938635,48177
Juwita Santoso,33655511974627,84798
Budi Mahendra,33602607802629,97584
Ahmad Nurdiana,33728912310449,18870
Dedi Santoso,33298702645073,58929
Nanda Wijaya,33254807607216,56805
Yudi Qodir,33948908144702,92346
Lestari Ismail,33825308849923,53583
Yudi Prabowo,33587010790982,81567
Umar Kurnia,33749409371818,32949
Hendra Wijaya,33271006912002,92802
Bunga Gunardi,33992410593856,18270
Bunga Saputra,33634304450791,36422
Muhamad Pratama,33638612742182,15492
Taufik Suharto,33246602745559,81176
Maya Prabowo,33942511180534,56789
Fajri Mulyono,33394912679826,53506
Yudi Mahendra,33682401623142,62431
Muhamad Ramadan,33138706968386,54438
Kartika Laksono,33896507920628,75211
Gilang Gunardi,33696410854157,78062
Eka Ramadan,33114511387721,65640
Oki Wijaya,33842005739975,33652
Eka Setiawan,33903203747966,50173
Oki Santoso,33983102238808,68183
Intan Mulyono,33202901722385,56210
Kartika Hartanto,33327512716647,17518
Rina Saputra,33168209650705,77251
Vina Saputra,33225405273636,98878
Ivan Nugroho,33872304798806,18812
Intan Kusuma,33256607617215,58015
Citra Pahlevi,33274512801199,14244
Irfan Ismail,33547109788852,58623
Fajri Prabowo,33768204161795,58096
Sari Prabowo,33278007518807,24869
Kurniawan Mulyono,33973610849181,75410
Wulan Mahendra,33595210909478,25435
Lestari Pahlevi,33699506863878,68493
Fitri Ramadan,33113508478526,74382
Taufik Nurdiana,33231406130237,19706
Muhamad Pahlevi,33113007598593,68341
Hilda Kusuma,33335505270651,51889
Tika Wibowo,33126610578617,48058
Rina Jaelani,33614801345684,93584
Lukman Utama,33933307258070,76683
Bella Wijaya,33486405878111,28202
Kurniawan Gunardi,33724007663706,82616
Umar Nugroho,33861403255214,21300
Ayu Nurdiana,33982603736956,72739
Utami Hidayat,33288401372022,85353
Kartika Mulyono,33575808779872,94192
Rahmat Wibowo,33715801801229,55156
Gilang Oktavia,33773912312368,93859
Gita Setiawan,33399812578219,17263
Irfan Hartanto,33565204810587,49862
Hilda Santoso,33618305106662,39552
Utami Ramadan,33558303298020,47230
Sandi Nugroho,33185607773492,45972
Hadi Utama,33258411259222,22245
Budi Hidayat,33593406663886,96341
Hadi Setiawan,33501912313498,83874
Eka Jaelani,33983802768568,13718
Ahmad Mulyono,33477301802170,37631
Gita Saputra,33367312507446,13969
Vina Mahendra,33317208688072,81509
Bunga Pahlevi,33114501418186,73300
Utami Wibowo,33221606325767,99783
Fajri Kusuma,33867609903340,19564
Gunawan Kurnia,33212709732193,64476
Irfan Gunardi,33527304551750,54589
Zainul Wijaya,33564903923278,51853
Sari Ramadan,33123812214258,58567
Wulan Wijaya,33474004326632,71141
Staf 3480,33637701525335,48038
Tika Wijaya,33525201567157,64805
Zahra Ramadan,33162006216385,30932
Dian Ismail,33979710372241,34881
Vina Hakim,33327906462920,71186
Staf 4505,33326302213122,41552
Staf 1266,33908102853261,46877
Maya Gunardi,33105711591475,47453
Staf 8324,33702210974741,66482
Galuh Utama,33863501193752,57943
Staf 3557,33245610949789,62505
Staf 7856,33511308870643,35513
Lestari Utama,33474607684536,19637
Bunga Suryadi,33926901856340,46663
Staf 3101,33915104442816,61629
Staf 2752,33547206634772,83116
Hilda Nugroho,33498604904475,76731
Staf 7816,33536807426266,15938
Citra Suryadi,33422704104534,53652
Staf 6934,33672404218731,90356
Indah Mulyono,33686606502116,90805
Staf 4363,33119110934195,76494
Staf 2691,33811906462131,49294
Staf 6323,33352901551071,58281
Fira Mahendra,33367102461999,50327
Staf 7324,33206502550202,44803
Staf 1202,33704910536016,86483
Indah Hidayat,33717202339570,92447
Dian Hakim,33354109305197,99224
Staf 9540,33269010626176,24404
Vina Suryadi,33691402954413,51116
Putri Oktavia,33307609132517,63788
Dian Wibowo,33343303440911,18163
Staf 3039,33996108758385,96799
Eka Pahlevi,33717701752147,70249
Staf 3958,33435609152756,98587
Staf 1646,33996804430702,35200
Hilda Mahendra,33345104206175,47880
Juwita Nurdiana,33653211111480,74094
Staf 8981,33188305146723,83464
Eka Gunardi,33226908882347,85166
Zahra Setiawan,33295103546288,29198
Staf 5386,33404601579947,67983
Staf 9143,33627112772995,38047
Intan Mahendra,33924908535841,45537
Staf 7786,33375408394431,90698
Staf 3297,33822404320974,97796
Staf 7104,33798707595375,16880
Staf 9140,33606302480119,71918
Lestari Nugroho,33894702446619,30701
Staf 9505,33227605638967,72350
Staf 9853,33861712636960,47649
Staf 6447,33387108424333,17754
Staf 3690,33275105415929,40437
Staf 4737,33164601405007,33040
Staf 8206,33981912699446,74930
Staf 3464,33341106966020,47941
Staf 7186,33914608420609,84443
Staf 8107,33208802722867,47298
Staf 8213,33627001359840,78723
Staf 3384,33987710923629,76088
Staf 5523,33707512728827,53343
Staf 8871,33114708165107,34405
Staf 5984,33102502758910,84420
Staf 1688,33191112953781,93719
Staf 2735,33789502330273,77538
Staf 5236,33422912434360,72580
Staf 1900,33339303391370,10895
Staf 8082,33299202307981,68554
Staf 5204,33983403398626,86344
Staf 2888,33105703494579,40972
Staf 5151,33469409297664,30934
Staf 5766,33724703912858,50760
Staf 6429,33217005869272,48671
Staf 4564,33218102607284,38721
Staf 3363,33667412560217,69634
Staf 2570,33904109538119,81989
Staf 3863,33431909443477,42435
Staf 9306,33686512330011,79228
Staf 6015,33281206521706,18094
Staf 7318,33535112256897,36922
Staf 6216,33482810969835,76895
Staf 2684,33227509641915,69432
Staf 7456,33563403781644,69873
Staf 9905,33618901221482,50392
Staf 8339,33921602920507,10395
Staf 9035,33493404675145,15936
Staf 6246,33141709373271,17897
Staf 8327,33487101974082,14159
Staf 5543,33171307929480,65097
Staf 8937,33579001426572,59479
Staf 1340,33573109225931,96742
Staf 7677,33321305486765,55582
Staf 6209,33573110679468,61518
Staf 6620,33638911531504,10455
Staf 4967,33997801326108,98276
Staf 4636,33126006871768,42441
Staf 2447,33364510530685,46129
Staf 8020,33902904410090,24790
Staf 6605,33792407504567,12050
Staf 4615,33354104846247,23224
Staf 8026,33234909678606,98083
Staf 1394,33443603366484,15798
Staf 5956,33264704348335,80747
Staf 1166,33984703531376,17398
Staf 7731,33123112732913,40692
Staf 7935,33293102969206,98150
Staf 6916,33833507425832,28777
Staf 4334,33959204217209,46064
Staf 8495,33885311547202,32955
Staf 4403,33274509124985,16145
Staf 1986,33222204745427,59958
Staf 5897,33149309941157,63511
Staf 4146,33985305970651,80507
Staf 7893,33345207400313,28920
Staf 9651,33759007186966,83713
Staf 1608,33121509332502,79467
Staf 5416,33743903651672,43422
Staf 9045,33521905847911,20363
Staf 3821,33338808489005,22119
Staf 9809,33593004582408,59436
Staf 8228,33245901619441,87015
Staf 5518,33559702453872,53642
Staf 7024,33118106956706,37762
Staf 5473,33434301168802,72773
Staf 1545,33772511388965,36805
Staf 6656,33666406218249,47101
Staf 7742,33411111984860,95029
Staf 1223,33694301980478,75179
Staf 8072,33114206798811,51973
Staf 4554,33603905509096,64254
Staf 5225,33591111422889,39002
Staf 2773,33215702783483,82523
Staf 5340,33573912127165,35715
Staf 1926,33833911708719,84683
Staf 8572,33915311675179,95800
Staf 1804,33573511877545,74044
Staf 2732,33333702416498,56160
Staf 7501,33385603871372,34123
Staf 9672,33275904383037,19742
Staf 1973,33718101373816,64053
Staf 3431,33862308870801,40334
Staf 9208,33639009396430,90980
Staf 7921,33473108797930,79758
Staf 4369,33918908999505,46010
Staf 9414,33379908171480,98346
Staf 7788,33189411964569,33496
Staf 4940,33227911399279,78732
Staf 8648,33966206531210,43084
Staf 1243,33908706731505,62022
Staf 2836,33877504480917,70161
Staf 7920,33433908297146,22255
Staf 2061,33533412478550,82443
Staf 9512,33899606888470,11238
Staf 2743,33102410342606,94529
Staf 5310,33711606680367,22499
Staf 3178,33241311901376,84289
Staf 7119,33107909822457,99709
Staf 5006,33862509422035,83860
Staf 7748,33607603552100,51220
Staf 1265,33906311602254,28899
Staf 3644,33627406661748,83919
Staf 4312,33484103317967,61007
Staf 4159,33281611345123,28343
Staf 9585,33961009306590,55332
Staf 9796,33549803177507,40427
Staf 4940,33696604694225,52778
Staf 1941,33772104145366,74304
Staf 3538,33885808676897,59207
Staf 3356,33147104900863,59816
Staf 2682,33496703699742,19634
Staf 9089,33561202397393,93086
Staf 7217,33199807466782,51507
Staf 1328,33655307380762,68292
Staf 6276,33507609692057,66489
Staf 5349,33711009796957,23538
Staf 5316,33726110762943,82642
Staf 3820,33559504757557,52523
Staf 6160,33401805984508,21101
Staf 9860,33251610493027,59903
Staf 7705,33686806982185,49469
Staf 3202,33277704708728,18292
Staf 1548,33639810473803,65194
Staf 4112,33144406155680,20082
Staf 6662,33155104310158,70012
Staf 6463,33633811647399,10887
Staf 6932,33837011895026,53193
Staf 8975,33452001725562,95332
Staf 9259,33531808810639,89064
Staf 6011,33865101812884,33283
Staf 7109,33325208194246,92955
Staf 5570,33811207639138,41775
Staf 7022,33771910807366,61502
Staf 7238,33608903770972,83905
Staf 7723,33515910764276,70505
Staf 5388,33698405129059,19064
Staf 6364,33985712280633,49692
Staf 3870,33996011538073,30203
Staf 9737,33125803293781,19694
Staf 8307,33356201886828,64827
Staf 9191,33854511709913,80373
Staf 4573,33813603178715,42536
Staf 9932,33895201953629,90304
Staf 2944,33252611598315,53463
Staf 3277,33239102610650,22924
Staf 2704,33649108106499,77999
Staf 7783,33878211541688,61266
Staf 7757,33609109652682,87147
Staf 7629,33213412245038,73277
Staf 3323,33661211186093,21253
Staf 5594,33938008837477,28569
Staf 5916,33966204917015,69681
Staf 5626,33714611939863,55652
Staf 1498,33846703957185,69303
Staf 7642,33128011287074,15856
Staf 8177,33499707678727,54967
Staf 4881,33132111445446,82339
Staf 3018,33276211437580,65885
Staf 8567,33489909231038,63090
Staf 7040,33449301965060,96154
Staf 5467,33257801875434,90492
Staf 8611,33155012140121,66302
Staf 9092,33107711133524,46483
Staf 9449,33656307319008,80371
Staf 1111,33804009611646,24936
Staf 1763,33967204975980,93769
Staf 3657,33227104959141,90918
Staf 6273,33419211936582,48986
Staf 3100,33927104153571,51049
Staf 2430,33306205174544,25328
Staf 3211,33787211650806,65448
Staf 7343,33287503696672,80435
Staf 4968,33244701274237,74178
Staf 9537,33328307388091,17026
Staf 6724,33562611737016,83607
Staf 2672,33452907231803,64477
Staf 5863,33926501916179,20835
Staf 5613,33938910634659,38905
Staf 1953,33287207958771,39470
Staf 2225,33752601791660,69942
Staf 2041,33206502112478,24969
Staf 6858,33283601306881,15453
Staf 4095,33431802723079,65725
Staf 1746,33738910175069,95678
Staf 6507,33693503666092,21401
Staf 8674,33153303527088,41056
Staf 2521,33578608134276,87060
Staf 1935,33337312497829,37082
Staf 8093,33255110225541,84720
Staf 8356,33829703301526,88231
Staf 1878,33146102718399,48356
Staf 8343,33403609318349,77425
Staf 4538,33346809923805,46349
Staf 8272,33225007680838,27392
Staf 4893,33288102820130,42447
Staf 3316,33286512634359,45221
Staf 2943,33205907290746,19898
Staf 2602,33938708456037,46467
Staf 9713,33989811496611,52898
Staf 9898,33795104746262,22208
Staf 2053,33701810886048,18300
Staf 2057,33507509239512,37767
Staf 9304,33767802749882,47171
Staf 3046,33219210145012,27117
Staf 8180,33603807811197,16345
Staf 6050,33713707808358,70238
Staf 2202,33667310604600,30707
Staf 7546,33149802313104,66072
Staf 6686,33701901630472,27290
Staf 3839,33397908785014,45916
Staf 4512,33448002323878,42819
Staf 4979,33136912774814,95054
Staf 2458,33209310331956,91999
Staf 5153,33796601999748,66260
Staf 7770,33276003367936,10142
Staf 5346,33642605427254,27393
Staf 9655,33629502763942,68335
Staf 7634,33754609404317,55032
Staf 7728,33804307297944,23425
Staf 6339,33789403650939,49223
Staf 5711,33255901123072,27451
Staf 1034,33509405245404,83831
Staf 4683,33361802850228,37925
Staf 8435,33343808410359,90750
Staf 5082,33482805547051,21362
Staf 3984,33378806748963,60335
Staf 8663,33547806251749,28327
Staf 3855,33969012922226,82534
Staf 1735,33674509670153,13515
Staf 2296,33917404543227,89551
Staf 7874,33443905842884,17152
Staf 8808,33884812953432,24777
Staf 7576,33117208211021,11581
Staf 7273,33886302809985,27299
Staf 9220,33141303404802,84498
Staf 8612,33873903956479,71736
Staf 7716,33462207289962,18851
Staf 2304,33666610998964,17925
Staf 4823,33894010612348,92388
Staf 9180,33317501899831,93956
Staf 8671,33387002281733,50620
Staf 3038,33723208960502,52827
Staf 3267,33227812492253,50654
Staf 1426,33431304184162,66948
Staf 8819,33748103230589,50539
Staf 5216,33238004121574,27984
Staf 2596,33799309375312,55443
Staf 3686,33368410888163,45227
Staf 7170,33288507480710,13847
Staf 2188,33246404351333,45649
Staf 4450,33977807619856,85582
Staf 1940,33517606198646,84302
Staf 5000,33822109552649,43438
Staf 5108,33808011546925,98358
Staf 9256,33499511232042,15772
Staf 2385,33478411983365,29671
Staf 2213,33591203188421,95944
Staf 8617,33326709256895,51934
Staf 7333,33981704965001,25650
Staf 4834,33694802995872,16019
Staf 2690,33914602808388,50723
Staf 5952,33377208416177,48219
Staf 8532,33576804884424,41795
Staf 4453,33916011815747,74665
Staf 2239,33443810680751,81638
Staf 3015,33585210886077,80981
Staf 1324,33705302152275,11257
Staf 8887,33328102179764,59319
Staf 4810,33121107918613,79443
Staf 4176,33294102789111,17850
Staf 3191,33816807699842,22193
Staf 2383,33524111447957,78125
Staf 8634,33377207262029,58823
Staf 3463,33345105215121,86122
Staf 1431,33209011200267,87580
Staf 2116,33524905639856,27132
Staf 5522,33258308142882,51288
Staf 6649,33592404430048,52762
Staf 6593,33161307545890,40619
Staf 8068,33115107899307,86638
Staf 2044,33163303339570,37215
Staf 6261,33992304627833,25717
Staf 7520,33409202141230,99922
Staf 5560,33356703311209,52964
Staf 5568,33677301335418,42534
Staf 7337,33154410102818,16416
Staf 8446,33951405420552,63004
Staf 7681,33168212574978,22415
Staf 1771,33629510884929,39135
Staf 1175,33557512314327,12857
Staf 4723,33879412814694,94670
Staf 6481,33947201640547,70423
Staf 7621,33949608785590,13864
Staf 5305,33892804886201,46681
Staf 8593,33838108469966,91156
Staf 3833,33599101747086,82179
Staf 6163,33901806300336,46670
Staf 5073,33525802479837,78919
Staf 2748,33101208381399,81258
Staf 2386,33382001253938,57069
Staf 9387,33746207586384,73527
Staf 9158,33868403240262,60905
Staf 1211,33151208541332,38707
Staf 4077,33139903129222,46822
Staf 7949,33203002450619,23124
Staf 2264,33243709937487,17328
Staf 7337,33125810121232,56504
Staf 8328,33921312401667,57026
Staf 7820,33678612915610,83873
Staf 9644,33468005589121,81057
Staf 6617,33921601461171,33260
Staf 8828,33731410982227,29360
Staf 4082,33125405514470,78982
Staf 9057,33107108632422,61851
Staf 2243,33216905482478,52284
Staf 1005,33658401612368,67261
Staf 2840,33633712697983,32833
Staf 9112,33939607311737,87194
Staf 7578,33891301301779,48602
Staf 6575,33117810571285,33865
Staf 6326,33954312730274,23645
Staf 3520,33881611176367,21629
Staf 5998,33805609719076,18885
Staf 1119,33795204858056,10167
Staf 1824,33742602402639,64266
Staf 9194,33431501769500,72847
Staf 7130,33677704706649,14379
Staf 6749,33367109508956,44226
Staf 9755,33467411170291,32296
Staf 4050,33872712189432,19830
Staf 9949,33716412794060,73273
Staf 2078,33743709129728,23272
Staf 9405,33845611443641,80795
Staf 5879,33104705673583,10500
Staf 7892,33164602751100,91931
Staf 6067,33787001718712,13373
Staf 5156,33269312790502,96643
Staf 1401,33774605702424,68428
Staf 6885,33227904161799,39654
Staf 8015,33499008141505,29808
Staf 3525,33614209366796,55061
Staf 1123,33838507981638,17993
Staf 5847,33418905504049,64870
Staf 7261,33221306922480,40886
Staf 3355,33654108798610,61747
Staf 3234,33397403907613,77740
Staf 1136,33186306268883,35260
Staf 5678,33675010757015,20271
Staf 6066,33802501177497,92211
Staf 9577,33817510258283,43801
Staf 1259,33627304247197,60868
Staf 3114,33786309696620,78116
Staf 2935,33928402486495,11620
Staf 6243,33744903191810,84264
Staf 2791,33727303470707,23237
Staf 2217,33728605480199,44620
Staf 7895,33409602430689,84976
Staf 1361,33885712221280,46099
Staf 9040,33329801384091,53449
Staf 3155,33967410565969,72287
Staf 6244,33917906865095,49722
Staf 7138,33407604642735,99764
Staf 2896,33482208890495,27614
Staf 6030,33123007304253,52056
Staf 5114,33379709886779,89295
Staf 4186,33986008802643,63368
Staf 3646,33495411224916,77537
Staf 6632,33456312433502,76426
Staf 5674,33889506875867,78719
Staf 3751,33875805752698,58280
Staf 2225,33729207622917,58819
Staf 7012,33482910343799,82264
Staf 4597,33118211354293,43903
Staf 2007,33129412176002,60667
Staf 2520,33943505889239,85007
Staf 8771,33658511289324,72140
Staf 7952,33217010139659,88792
Staf 7023,33188306141541,89736
Staf 8091,33525708530070,94245
Staf 5222,33698407836431,59345
Staf 6597,33567006458368,49602
Staf 2776,33903704482938,87826
Staf 5724,33616410198645,24169
Staf 5655,33257101878608,95998
Staf 9218,33425409519406,77802
Staf 3758,33564702135561,88647
Staf 1740,33459405737071,99228
Staf 4707,33385601149972,95904
Staf 9765,33472211884884,63031
Staf 3473,33568911846186,86418
Staf 1701,33782805360192,93665
Staf 8529,33106103120691,56988
Staf 1047,33971112291305,22793
Staf 7143,33663703436380,83273
Staf 5501,33388008624844,53992
Staf 7661,33879211961340,39272
Staf 7540,33782911471096,53426
Staf 1552,33414105888707,48541
Staf 4768,33559501834760,93151
Staf 4112,33377002319774,35499
Staf 5492,33257106505650,60026
Staf 2083,33771201376559,29762
Staf 4212,33329805149150,69974
Staf 1929,33348707162064,73908
Staf 8065,33427512936402,51079
Staf 4461,33913703960836,30766
Staf 7287,33165302918354,21539
Staf 4317,33317708187858,93032
Staf 3987,33929402714857,72573
Staf 3607,33327511522854,79963
Staf 5266,33543909110885,11845
Staf 4656,33151502596012,12348
Staf 5468,33138202479988,42613
Staf 7030,33672003755406,26899
Staf 1696,33809810108261,31891
Staf 3357,33842006639335,49085
Staf 4364,33815702895781,78195
Staf 8302,33188305526255,54922
Staf 4736,33789902212570,34697
Staf 4654,33453803929476,12872
Staf 4655,33964606150387,95267
Staf 8731,33381506739418,25176
Staf 4085,33286609946453,26199
Staf 8249,33232806307376,49467
Staf 2553,33799909401869,89381
Staf 4686,33117306296338,23751
Staf 6237,33903505537704,75239
Staf 9922,33858304988831,44471
Staf 3526,33825111588647,73001
Staf 5529,33822102488259,11671
Staf 1056,33491603890467,97690
Staf 4742,33372007616034,77070
Staf 7681,33179109655241,43540
Staf 8345,33472710113604,32898
Staf 1713,33473110475186,57214
Staf 4766,33238801478194,16014
Staf 3869,33771810833510,96947
Staf 6598,33934804739531,91501
Staf 7125,33906311237962,22183
Staf 7120,33887112267075,33969
Staf 4703,33265805202904,65278
Staf 1088,33184102992584,17686
Staf 4226,33901603660727,73265
Staf 1381,33641512257851,13777
Staf 7341,33817601205074,73979
Staf 4166,33137109820635,18301
Staf 2708,33256109339060,78788
Staf 6613,33101808485152,78564
Staf 6330,33122605229162,94070
Staf 9644,33643903298441,90335
Staf 5819,33764012441629,76265
Staf 2318,33954412881451,74441
Staf 2884,33361311246805,82154
Staf 1544,33768202254962,40801
Staf 8174,33643709810859,68598
Staf 8340,33145708501533,95638
Staf 5493,33617702685546,64046
Staf 1549,33778112163009,10022
Staf 6136,33929404912516,91142
Staf 7329,33833009432027,57624
Staf 8814,33655203994112,69566
Staf 5495,33157912362723,91232
Staf 9906,33969611757532,10287
Staf 3250,33622602941600,93055
Staf 4758,33807006693579,63636
Staf 2706,33472602911278,35679
Staf 7949,33438601602934,38257
Staf 1729,33369002937844,54293
Staf 8210,33974008366675,26150
Staf 3352,33213809433229,87242
Staf 6074,33742908551174,79515
Staf 2142,33148911718892,76628
Staf 7618,33899404534607,32760
Staf 5491,33123610697525,89450
Staf 3603,33272211271004,42537
Staf 2543,33723208658004,48557
Staf 2062,33581003254851,51144
Staf 9008,33529506903949,91810
Staf 2691,33267505558225,95208
Staf 1063,33944405546115,52255
Staf 4769,33912412267952,83699
Staf 7758,33551510684960,97445
Staf 3499,33973907406978,79979
Staf 3628,33874012597312,65363
Staf 7495,33228812985809,13312
Staf 9001,33424912953913,97851
Staf 3393,33344704943254,31094
Staf 5033,33135106996371,48684
Staf 2814,33864403447235,23432
Staf 4596,33776108657902,83566
Staf 8143,33393803943039,47701
Staf 3785,33431412804653,42943
Staf 5720,33362805494173,68073
Staf 2343,33704009930378,94886
Staf 7656,33551112597911,34507
Staf 5617,33101203524128,71122
Staf 5065,33123607195791,52287
Staf 1257,33541506777538,96755
Staf 1648,33491105751738,51662
Staf 1027,33753903183706,18936
Staf 5371,33734004123268,80390
Staf 9174,33769401712920,37964
Staf 4732,33565305672117,48479
Staf 9949,33246909735061,95105
Staf 7147,33149705114805,41502
Staf 2442,33835608919779,52065
Staf 2749,33609705498486,47070
Staf 5953,33791204219832,59146
Staf 6001,33387612172660,95397
Staf 3271,33198406851040,31940
Staf 2485,33866208896878,92511
Staf 2644,33715308495467,67047
Staf 1807,33288104520037,53478
Staf 1624,33549803263214,43018
Staf 2497,33941703890399,43901
Staf 6409,33544901182052,66757
Staf 3955,33716512455454,94072
Staf 6978,33381210578455,86756
Staf 5169,33351609697134,21338
Staf 3630,33915110400192,67367
Staf 1888,33512004477602,72126
Staf 7088,33166004717118,93105
Staf 3328,33923702108215,82754
Staf 6138,33477505311560,28671
Staf 7724,33305111878366,43127
Staf 1624,33217710479105,97946
Staf 1792,33657911999626,70458
Staf 5584,33175911886402,22871
Staf 1272,33917605834741,73857
Staf 5579,33114501821512,40740
Staf 5961,33461109530320,35362
Staf 8330,33691307936455,53036
Staf 8080,33558311140539,84299
Staf 8580,33827701269329,57118
Staf 2923,33133401367747,72908
Staf 1275,33262802355947,50038
Staf 8308,33431104818051,33038
Staf 6743,33205105573752,28350
Staf 5947,33706512436336,92132
Staf 7668,33608509123042,12441
Staf 4619,33492008998022,71879
Staf 1507,33731412828464,48141
Staf 9244,33584010150659,62007
Staf 7348,33418001718246,96858
Staf 8326,33127001731068,90482
Staf 5750,33357111352247,30869
Staf 8378,33224205624642,73916
Staf 5650,33984702466444,57349
Staf 5142,33171706256020,69591
Staf 1507,33312505492436,78337
Staf 8381,33466003988073,44513
Staf 1723,33495412682266,59613
Staf 7991,33643812254048,20202
Staf 6354,33634106368920,39215
Staf 6713,33816209261963,89195
Staf 7938,33944101399440,25509
Staf 6226,33437509258219,53283
Staf 9235,33175704225531,72759
Staf 5260,33832508556227,31134
Staf 1732,33516707967294,15136
Staf 9504,33494806813780,83872
Staf 3176,33157912901987,96736
Staf 8601,33749502186791,68877
Staf 1896,33232409853778,63840
Staf 4914,33519004689768,99861
Staf 8730,33866706537978,19023
Staf 5674,33402002839082,76107
Staf 4114,33983802448699,33255
Staf 3466,33246701720237,79655
Staf 5188,33404811150082,80685
Staf 2678,33355902843533,15693
Staf 8499,33622402231407,55943
Staf 2474,33935807809420,43360
Staf 2330,33455401847578,43791
Staf 9064,33118501774025,51405
Staf 9817,33961301707220,30287
Staf 8326,33454201637298,50193
Staf 7414,33795303921024,28096
Staf 4298,33239501905055,54359
Staf 1771,33664907741010,93345
Staf 2085,33292809985263,29048
Staf 1344,33495008872080,18399
Staf 4425,33509512423664,14948
Staf 8554,33364305874391,90473
Staf 3979,33503902848144,32973
Staf 4370,33647210920535,96099
Staf 6566,33538607354854,88579
Staf 6538,33805810738791,98345
Staf 5495,33316808761370,46167
Staf 5220,33286204416061,83284
Staf 9508,33313710902664,32942
Staf 3225,33736812343568,83220
Staf 4523,33783308152206,54520
Staf 9806,33551502360405,86916
Staf 8776,33512710362044,43792
Staf 9800,33211003489949,98724
Staf 7268,33278510854100,98302
Staf 7250,33481812610202,72463
Staf 2308,33144706549651,45268
Staf 9863,33532305842097,36170
Staf 6322,33345004296413,36577
Staf 2424,33727111349659,23983
Staf 4242,33356011435687,98580
Staf 5095,33246307483910,80972
Staf 6746,33254108355327,85303
Staf 9217,33175912258989,62150
Staf 4463,33704606127746,78909
Staf 3776,33847811586488,55519
Staf 6072,33301301732642,69925
Staf 2986,33462810607340,70302
Staf 8050,33184610616782,11549
Staf 5985,33802210843189,57395
Staf 8715,33907509389595,44452
Staf 8378,33693908724010,90358
Staf 5293,33134205790959,37594
Staf 2391,33583701898638,58799
Staf 7649,33755009819844,46651
Staf 8483,33916710693988,45382
Staf 5519,33797306751126,11276
Staf 1500,33607104417454,92660
Staf 4289,33797710136864,49326
Staf 2869,33312310976230,17869
Staf 1777,33941409995435,92557
Staf 8088,33183607636465,53864
Staf 1629,33675003812831,12599
Staf 4877,33955711282403,99074
Staf 5229,33144212547783,80574
Staf 3322,33469301354402,68580
Staf 3701,33702004710888,93962
Staf 5924,33365808809283,19351
Staf 6498,33578006302702,51533
Staf 8421,33719002149436,89349
Staf 8436,33711010255719,68313
Staf 1180,33587511374324,40753
Staf 1815,33893301494106,72021
Staf 5619,33412909216444,62037
Staf 5075,33813806605015,91015
Staf 3582,33493902838096,47247
Staf 2516,33196512976799,27206
Staf 6882,33461201342492,52624
Staf 1191,33199404433484,33204
Staf 3570,33859102735065,93342
Staf 4089,33109103682879,55504
Staf 5526,33185808437706,64028
Staf 3924,33178612959826,11383
Staf 5307,33613306879206,27865
Staf 3830,33778706883688,80136
Staf 6457,33389006696959,11197
Staf 1312,33526009300135,88250
Staf 8821,33978108529471,81855
Staf 6626,33754901101514,94671
Staf 3676,33934005222674,20382
Staf 8548,33215704936198,77713
Staf 9104,33439902531919,45235
Staf 7479,33304802861701,46977
Staf 5323,33897305242297,11930
Staf 5317,33583811888582,65082
Staf 7541,33493808737836,53286
Staf 7600,33426808991900,61435
Staf 2951,33899807720009,60014
Staf 1627,33448601915140,14392
Staf 2075,33867208524858,50908
Staf 2377,33301408657665,82034
Staf 6423,33494308918543,16827
Staf 6106,33991908185414,92956
Staf 9565,33889907317156,11170
Staf 8171,33346505955339,72294
Staf 1420,33372412779607,21728
Staf 1695,33646206790091,91937
Staf 3575,33877002495351,24076
Staf 8767,33645008883619,51515
Staf 1030,33888011725400,59514
Staf 6145,33533507677307,42859
Staf 5492,33324810912272,48628
Staf 5565,33103909609508,82682
Staf 9158,33342406348267,34318
Staf 5289,33925910450910,52034
Staf 9135,33841305892382,47110
Staf 4868,33351807976168,96362
Staf 5087,33329009148076,27009
Staf 2746,33284702875766,36486
Staf 6247,33357802917459,19289
Staf 1155,33717704473891,74409
Staf 5736,33473310478506,57307
Staf 4116,33287608895240,20215
Staf 8421,33196109333042,40279
Staf 3906,33281612898951,91962
Staf 1997,33278606992299,83156
Staf 3944,33548905730900,93705
Staf 9024,33472206838779,33644
Staf 7463,33802005524180,68066
Staf 2833,33393102483755,82100
Staf 8511,33851709553484,93000
Staf 3197,33331408693547,57187
Staf 4341,33633412998736,14543
Staf 7333,33444901764856,49562
Staf 9247,33357405625061,51275
Staf 6003,33985902529294,46170
Staf 9540,33581606299121,49361
Staf 5037,33252901549712,38499
Staf 1068,33873502652564,85527
Staf 2580,33667711246759,85534
Staf 2059,33823603436235,53829
Staf 6059,33675904643251,25799
Staf 5911,33233309897350,93084
Staf 8602,33268802540328,84044
Staf 5072,33739002927548,72371
Staf 6100,33213106954127,44413
Staf 4961,33775802879885,27088
Staf 7377,33637505798890,78714
Staf 1711,33469105312282,57876
Staf 6693,33529009362614,67961
Staf 2176,33125602820665,40603
Staf 6861,33318812108431,29356
Staf 3687,33149710429817,24585
Staf 2637,33608905893818,80517
Staf 3111,33756811729230,78585
Staf 6886,33394606989541,90997
Staf 4574,33733804717459,95820
Staf 5506,33966309846213,96898
Staf 3610,33443712206746,95119
Staf 6704,33198505883684,23055
Staf 5555,33131305596815,21537
Staf 3160,33659805695699,12816
Staf 8447,33956710548626,91950
Staf 7637,33163311690406,13862
Staf 2064,33666012559314,54798
Staf 6210,33687512533194,60096
Staf 9642,33406907510728,85090
Staf 6694,33691012400288,81071
Staf 5283,33648802405947,80956
Staf 7574,33666203495274,78656
Staf 8552,33124701762613,29025
Staf 5799,33712011835510,29917
Staf 1849,33471904801382,27575
Staf 9629,33699408956927,14224
Staf 5825,33628102250079,45370
Staf 7309,33683308362060,36812
Staf 3283,33621506159087,90879
Staf 4545,33687511210383,69971
Staf 2973,33991412921238,15482
Staf 7764,33869007658374,15047
Staf 8357,33544302226087,42207
Staf 1243,33436206722477,16461
Staf 2715,33405302718084,70469
Staf 5238,33321603281339,77760
Staf 4916,33402910765818,21854
Staf 8916,33137209302066,81618
Staf 2106,33111007281042,69464
Staf 2423,33475901333878,31495
Staf 2276,33415401259968,93109
Staf 1042,33173608483142,60343
Staf 9743,33585212235999,59886
Staf 5618,33602704399735,64995
Staf 8354,33384502780446,47851
Staf 3099,33376405248587,43175
Staf 7574,33944608575126,75358
Staf 7003,33549504815440,16411
Staf 4639,33394612407040,31146
Staf 6395,33159702157979,33254
Staf 1534,33587802252833,45968
Staf 7954,33864901746113,73394
Staf 3684,33126911784191,51482
Staf 2775,33692507564760,91689
Staf 6707,33705605359764,90516
Staf 3013,33463604581608,90649
Staf 1834,33868507224415,36370
Staf 8730,33851502361699,82088
Staf 4779,33427401955921,61910
Staf 3930,33838305629839,53321
Staf 9987,33825705497695,30366
Staf 6641,33871007728779,53923
Staf 6776,33105804608116,17342
Staf 8014,33258404621468,85680
Staf 3511,33376907875192,14085
Staf 7007,33953908850983,80028
Staf 1002,33245302511387,88012
Staf 3894,33308610547367,75149
Staf 9818,33199907997938,24710
Staf 3213,33881707907006,22137
Staf 1534,33221104391627,78632
Staf 6688,33259303454994,25182
Staf 3122,33314608905254,96374
Staf 9214,33574306175761,50913
Staf 6276,33423412183898,35237
Staf 9392,33611706527775,67817
Staf 7344,33365611293778,25002
Staf 1708,33595502402033,28554
Staf 8838,33578311498266,32449
Staf 4009,33846406598343,80854
Staf 4339,33731011483510,60279
Staf 3999,33213007492321,20295
Staf 3965,33236703247135,22178
Staf 7886,33924711717212,71000
Staf 7411,33851301430874,28837
Staf 6761,33622808878507,61390
Staf 1155,33674306369862,72303
Staf 3033,33721604824384,70455
Staf 8456,33705004511765,76577
Staf 6977,33697804961467,24022
Staf 8326,33182007755726,70420
Staf 7915,33789407871941,41941
Staf 8064,33171703470696,40953
Staf 8500,33284406740113,68355
Staf 8426,33402810940129,24253
Staf 4638,33258911733352,94540
Staf 6736,33827202673457,28208
Staf 5348,33157309586974,36956
Staf 1245,33595001942584,66980
Staf 6756,33886803568292,57086
Staf 9708,33589909266734,87353
Staf 6584,33283511478469,47810
Staf 4705,33103302482719,89223
Staf 7822,33108209783386,60425
Staf 3507,33625711740242,75762
Staf 4981,33737506479094,73342
Staf 5923,33145407664390,46624
Staf 7533,33684903967294,42142
Staf 3953,33931912438449,20234
Staf 9288,33447707436026,85230
Staf 3004,33933101742524,83886
Staf 1994,33392607525023,48240
Staf 8743,33863808117076,27372
Staf 7273,33343008503338,32989
Staf 2295,33345807806661,33699
Staf 1552,33778010598072,75004
Staf 8671,33278403322497,25203
Staf 3108,33792406875227,61127
Staf 2458,33791604236159,79526
Staf 1209,33749008735139,66595
Staf 5835,33147307446952,45007
Staf 7070,33615201652090,98511
Staf 3033,33409512456242,33582
Staf 3353,33273010784023,22805
Staf 6993,33843302985394,43016
Staf 3606,33282505717201,96062
Staf 2255,33911201924748,89257
Staf 5349,33464303219087,24528
Staf 6002,33262112331926,19924
Staf 8270,33683411327565,52389
Staf 5767,33683705195218,18177
Staf 5440,33709610284782,33321
Staf 8170,33929112254549,36302
Staf 2740,33135307523832,28857
Staf 2021,33394503964490,77552
Staf 7207,33889312174851,19188
Staf 7196,33131203749974,73185
Staf 1977,33234004944618,73766
Staf 3989,33942007329726,13324
Staf 2824,33182403972509,50334
Staf 1225,33725206274429,12151
Staf 7033,33466808452371,54265
Staf 9611,33796309451651,37745
Staf 2166,33143802167503,28558
Staf 2591,33326203710902,32577
Staf 9773,33374311483327,22752
Staf 8243,33912002321192,18383
Staf 2331,33473705643609,87984
Staf 6564,33706801274436,98918
Staf 7922,33914909506199,15975
Staf 4404,33788603478844,92863
Staf 3839,33486005578636,73827
Staf 7100,33564508479252,33516
Staf 4619,33917303825271,69037
Staf 3945,33603108858950,75521
Staf 6361,33697705133830,40885
Staf 6282,33209603470638,57435
Staf 1668,33752407324805,72182
Staf 5057,33407601482592,97836
Staf 1612,33973405405461,90847
Staf 8876,33646403690069,73577
Staf 1610,33718006929822,98716
Staf 3589,33518711780992,24435
Staf 6470,33964408333458,41079
Staf 7557,33976311544107,27878
Staf 9578,33226111342810,92840
Staf 2441,33439912706588,14206
Staf 4560,33883902937691,38816
Staf 1634,33454702301944,32273
Staf 2679,33325705215444,42329
Staf 6793,33244209371159,64758
Staf 6787,33183002311612,22844
Staf 2822,33921708664865,20890
